Nombre,Precio,Rating,Entrega
Sin nombre,"$9,999.",4.2 de 5 estrellas,"mié, 5 de mar"
Sin nombre,"$12,599.",4.6 de 5 estrellas,"mar, 4 de mar"
Sin nombre,"$12,499.",5.0 de 5 estrellas,"mié, 5 de mar"
Sin nombre,"$1,699.",4.4 de 5 estrellas,"mar, 4 de mar"
Sin nombre,No disponible,Sin calificación,No especificado
Sin nombre,"$21,498.",4.7 de 5 estrellas,5 - 7 de mar
Sin nombre,"$6,499.",4.7 de 5 estrellas,"jue, 6 de mar"
Sin nombre,"$12,419.",5.0 de 5 estrellas,"jue, 6 de mar"
Sin nombre,"$11,708.",4.8 de 5 estrellas,6 - 10 de mar
Sin nombre,No disponible,4.2 de 5 estrellas,No especificado
Sin nombre,"$21,800.",4.6 de 5 estrellas,5 - 7 de mar
Sin nombre,"$16,999.",3.0 de 5 estrellas,"mié, 5 de mar"
Sin nombre,"$23,374.",4.4 de 5 estrellas,No especificado
Sin nombre,"$14,499.",3.2 de 5 estrellas,"vie, 7 de mar"
Sin nombre,"$21,499.",4.5 de 5 estrellas,"mié, 5 de mar"
Sin nombre,"$11,131.",4.1 de 5 estrellas,"lun, 10 de mar"
Sin nombre,No disponible,3.0 de 5 estrellas,No especificado
Sin nombre,$249.,4.6 de 5 estrellas,"mar, 4 de mar"
Sin nombre,"$8,199.",4.4 de 5 estrellas,"mié, 5 de mar"
Sin nombre,No disponible,4.5 de 5 estrellas,No especificado
Sin nombre,$179.,4.5 de 5 estrellas,"mar, 4 de mar"
Sin nombre,$364.,3.8 de 5 estrellas,"vie, 7 de mar"
Sin nombre,"$1,670.",2.4 de 5 estrellas,"jue, 6 de mar"
Sin nombre,$319.,4.3 de 5 estrellas,"mié, 5 de mar"
Sin nombre,"$10,430.",3.6 de 5 estrellas,"mié, 12 de mar"
Sin nombre,$399.,4.6 de 5 estrellas,"mar, 4 de mar"
Sin nombre,$249.,4.5 de 5 estrellas,"mar, 4 de mar"
Sin nombre,"$25,399.",4.3 de 5 estrellas,"mié, 5 de mar"
Sin nombre,$269.,4.6 de 5 estrellas,"mar, 4 de mar"
Sin nombre,"$7,899.",4.4 de 5 estrellas,"mié, 5 de mar"
Sin nombre,"$16,002.",4.3 de 5 estrellas,"vie, 7 de mar"
Sin nombre,"$17,049.",4.4 de 5 estrellas,"jue, 6 de mar"
Sin nombre,$747.,4.6 de 5 estrellas,"lun, 10 de mar"
Sin nombre,"$18,999.",5.0 de 5 estrellas,"mar, 4 de mar"
Sin nombre,$329.,4.5 de 5 estrellas,"mar, 4 de mar"
Sin nombre,$329.,4.6 de 5 estrellas,"mar, 4 de mar"
Sin nombre,"$16,799.",3.4 de 5 estrellas,"jue, 6 de mar"
Sin nombre,"$9,399.",3.7 de 5 estrellas,"mar, 4 de mar"
Sin nombre,$399.,4.8 de 5 estrellas,"mar, 4 de mar"
Sin nombre,"$3,299.",4.6 de 5 estrellas,"mié, 5 de mar"
Sin nombre,"$4,159.",4.5 de 5 estrellas,"vie, 7 de mar"
Sin nombre,$359.,4.4 de 5 estrellas,"mar, 4 de mar"
Sin nombre,"$9,799.",4.1 de 5 estrellas,6 - 10 de mar
Sin nombre,$359.,4.6 de 5 estrellas,"mar, 4 de mar"
Sin nombre,$296.,4.5 de 5 estrellas,"mar, 4 de mar"
Sin nombre,$239.,4.5 de 5 estrellas,"mar, 4 de mar"
Sin nombre,$759.,4.4 de 5 estrellas,"vie, 7 de mar"
Sin nombre,"$34,999.",4.5 de 5 estrellas,7 - 11 de mar
Sin nombre,$319.,4.5 de 5 estrellas,"mar, 4 de mar"
Sin nombre,"$28,499.",4.7 de 5 estrellas,11 - 18 de mar
Sin nombre,No disponible,4.2 de 5 estrellas,No especificado
Sin nombre,$199.,4.7 de 5 estrellas,"mar, 4 de mar"
Sin nombre,$309.,4.6 de 5 estrellas,"mar, 4 de mar"
Sin nombre,$219.,4.6 de 5 estrellas,"mar, 4 de mar"
Sin nombre,$249.,4.6 de 5 estrellas,"mar, 4 de mar"
Sin nombre,$269.,4.4 de 5 estrellas,"mar, 4 de mar"
Sin nombre,$242.,4.4 de 5 estrellas,"vie, 7 de mar"
Sin nombre,$269.,4.2 de 5 estrellas,"mar, 4 de mar"
Sin nombre,$199.,4.6 de 5 estrellas,"mar, 4 de mar"
Sin nombre,$269.,4.4 de 5 estrellas,"mar, 4 de mar"
Sin nombre,$769.,5.0 de 5 estrellas,"vie, 7 de mar"
Sin nombre,$239.,3.9 de 5 estrellas,"mar, 4 de mar"
Sin nombre,$259.,4.3 de 5 estrellas,"mié, 5 de mar"
Sin nombre,$329.,4.5 de 5 estrellas,"mié, 5 de mar"
Sin nombre,"$16,944.",4.2 de 5 estrellas,No especificado
Sin nombre,"$14,648.",5.0 de 5 estrellas,"lun, 10 de mar"
Sin nombre,"$16,309.",4.6 de 5 estrellas,"lun, 10 de mar"
Sin nombre,$329.,4.6 de 5 estrellas,"mar, 4 de mar"
Sin nombre,"$21,569.",4.3 de 5 estrellas,"lun, 10 de mar"
Sin nombre,$197.,4.3 de 5 estrellas,"mar, 4 de mar"
Sin nombre,No disponible,5.0 de 5 estrellas,No especificado
Sin nombre,"$21,788.",4.3 de 5 estrellas,"vie, 7 de mar"
Sin nombre,$339.,4.6 de 5 estrellas,"mar, 4 de mar"
Sin nombre,$208.,4.5 de 5 estrellas,"mar, 4 de mar"
Sin nombre,"$12,999.",4.7 de 5 estrellas,6 - 10 de mar
ECOLOGO,"$21,800.",4.4 de 5 estrellas,5 - 7 de mar
Sin nombre,"$16,605.",4.6 de 5 estrellas,No especificado
Sin nombre,$239.,4.6 de 5 estrellas,"mar, 4 de mar"
Sin nombre,"$20,499.",5.0 de 5 estrellas,"lun, 10 de mar"
Sin nombre,$459.,4.6 de 5 estrellas,"mar, 4 de mar"
Sin nombre,$893.,Sin calificación,"mié, 5 de mar"
Sin nombre,$189.,4.3 de 5 estrellas,"mar, 4 de mar"
Sin nombre,$296.,4.5 de 5 estrellas,"mar, 4 de mar"
Sin nombre,$239.,4.1 de 5 estrellas,"mié, 5 de mar"
Sin nombre,$189.,4.5 de 5 estrellas,"mar, 4 de mar"
Sin nombre,$219.,4.6 de 5 estrellas,"mar, 4 de mar"
Sin nombre,"$34,999.",5.0 de 5 estrellas,"mar, 4 de mar"
ECOLOGO,"$39,999.",4.6 de 5 estrellas,7 - 11 de mar
Sin nombre,"$21,793.",4.5 de 5 estrellas,No especificado
Sin nombre,$269.,4.4 de 5 estrellas,"mar, 4 de mar"
Sin nombre,$179.,4.9 de 5 estrellas,"mar, 4 de mar"
Sin nombre,$236.,5.0 de 5 estrellas,"mar, 4 de mar"
ECOLOGO,No disponible,4.6 de 5 estrellas,Características de sustentabilidad
Sin nombre,$199.,4.5 de 5 estrellas,"mar, 4 de mar"
Sin nombre,$199.,4.1 de 5 estrellas,"mar, 4 de mar"
Sin nombre,$298.,4.7 de 5 estrellas,"mar, 4 de mar"
Sin nombre,$746.,4.6 de 5 estrellas,"mar, 4 de mar"
Sin nombre,$269.,4.6 de 5 estrellas,"mié, 5 de mar"
Sin nombre,$259.,5.0 de 5 estrellas,"mar, 4 de mar"
Sin nombre,$399.,4.3 de 5 estrellas,"mar, 4 de mar"
Sin nombre,$269.,5.0 de 5 estrellas,"mar, 4 de mar"
Sin nombre,$399.,5.0 de 5 estrellas,"mar, 4 de mar"
Sin nombre,$209.,4.6 de 5 estrellas,"mar, 4 de mar"
Sin nombre,"$8,099.",4.4 de 5 estrellas,"vie, 7 de mar"
Sin nombre,"$5,669.",4.8 de 5 estrellas,"jue, 6 de mar"
Sin nombre,"$5,399.",4.4 de 5 estrellas,No especificado
Sin nombre,"$18,399.",5.0 de 5 estrellas,"jue, 6 de mar"
Sin nombre,$399.,4.6 de 5 estrellas,"mar, 4 de mar"
Sin nombre,No disponible,4.2 de 5 estrellas,No especificado
Sin nombre,$629.,4.4 de 5 estrellas,"vie, 7 de mar"
Sin nombre,$189.,4.4 de 5 estrellas,"mar, 4 de mar"
Sin nombre,"$20,756.",3.8 de 5 estrellas,"lun, 10 de mar"
Sin nombre,$269.,4.6 de 5 estrellas,"mar, 4 de mar"
Sin nombre,"$1,999.",4.4 de 5 estrellas,"mié, 5 de mar"
Sin nombre,"$7,399.",3.9 de 5 estrellas,"mar, 4 de mar"
Sin nombre,$298.,4.4 de 5 estrellas,"mar, 4 de mar"
Sin nombre,$269.,4.5 de 5 estrellas,"mar, 4 de mar"
Sin nombre,"$1,439.",4.2 de 5 estrellas,"mar, 4 de mar"
Sin nombre,$148.,4.3 de 5 estrellas,"mar, 4 de mar"
Sin nombre,$239.,4.6 de 5 estrellas,"mar, 4 de mar"
